descripcion,edad_recomendada,etiquetas_ia,execution_time,fecha,fuente,id,indicador_violencia,is_processed,model_name,nivel_riesgo,rating,sentimiento,titulo,url
"El docente de la carrera de Ingeniería Civil Matemática le aplicó una llave de judo en el cuello. En 2022 hizo lo mismo, exigiéndole una disculpa a otro estudiante para liberarlo, a pesar de sus quejas de dolor.",+18,"agresión, estrangulamiento, violencia escolar, suspensión, UFRO, acoso, denuncia",22.74,2025-04-17 23:36:26,Araucanía Diario,1,sí,True,GEMINI,alto,4.5,negativo,Suspenden a profesor acusado de estrangular a un alumno en la UFRO,https://araucaniadiario.cl/default/listar_contenido?p=1
Hijo de uno de los fundadores del afamado grupo musical adelanta detalles del show en el Restobar Lucky 7 de hoy jueves.,todo público,"música, banda, Los Viking 5, Chile, concierto, Restobar Lucky 7",2.79,2025-04-17 23:36:26,Araucanía Diario,2,no,True,GEMINI,bajo,4.2,positivo,Los Viking 5: “somos parte de la banda sonora del pueblo chileno”,https://araucaniadiario.cl/default/listar_contenido?p=1
La situación ya habría ocurrido en 2022 sin que las autoridades sancionaran al docente. Alumnos de la Facultad de Ingeniería y Ciencias llamaron a un paro hoy.,+13,"UFRO, profesor, agresión, estrangulamiento, alumno, denuncia, paro estudiantil, Facultad de Ingeniería y Ciencias, sanción, violencia escolar",24.08,2025-04-17 23:36:26,Araucanía Diario,3,sí,True,GEMINI,alto,4.2,negativo,"Acusan a profesor de la UFRO de hacer ""llave de estrangulación"" a un alumno",https://araucaniadiario.cl/default/listar_contenido?p=1
"Vecinos del sector denunciaron que en la intersección de las calles Reyes Católicos con Luis Picasso, llegando al Rodoviario en Temuco, descargan las aguas servidas que traen.",todo público,"contaminación, transporte público, aguas servidas, Temuco, denuncia vecinal, medio ambiente",1.68,2025-04-17 23:36:26,Araucanía Diario,4,no,True,GEMINI,medio,3.5,negativo,Buses interregionales son sorprendidos vaciando sus baños en plena vía pública,https://araucaniadiario.cl/default/listar_contenido?p=1
"Según declaró Patricio Marín, el exrelator y hoy juez de Temuco Roberto Herrera, habría alterado resoluciones judiciales con fechas falsas, para cubrir interceptaciones telefónicas realizadas sin autorización legal.",+13,"corrupción, justicia, delito, interceptaciones telefónicas, falsificación, denuncia, operación huracán, Temuco",22.73,2025-04-17 23:36:26,Araucanía Diario,5,no,True,GEMINI,medio,3.8,negativo,"Imputado en ""Operación Huracán"" denuncia que juez oral habría alterado pruebas",https://araucaniadiario.cl/default/listar_contenido?p=1
El parlamentario denunció la falta de oficinas de la nueva repartición y la nula experiencia de la seremi Verónica López-Videla para ejercer el cargo.,todo público,"política, seguridad, gobierno, crítica, nombramiento, improvisación, experiencia laboral",4.96,2025-04-17 23:36:26,Araucanía Diario,6,no,True,GEMINI,medio,3.5,negativo,"Diputado Becker por seremi de Seguridad: ""estamos cansados de la improvisación de este Gobierno""",https://araucaniadiario.cl/default/listar_contenido?p=1
"El médico de profesión y exdiputado del PPD es uno de los principales candidatos en la región, luego de que su expartido no presentara sus papeles en la elección anterior.",todo público,"elecciones, senado, La Araucanía, encuestas, política, PPD, Ricardo Celis, candidato",1.81,2025-04-17 23:36:26,Araucanía Diario,7,no,True,GEMINI,bajo,3.5,positivo,Ricardo Celis entre los líderes de encuesta senatorial en La Araucanía,https://araucaniadiario.cl/default/listar_contenido?p=1
"Ricardo Barría Dillems, ingeniero comercial, magister en comunicación. Editor de AraucaniaDiario, miembro de la Sociedad Interamericana de Prensa (SIP).",todo público,"publicidad, Movistar, medios, Ricardo Barría Dillems, AraucaniaDiario, SIP",2.69,2025-04-17 23:36:26,Araucanía Diario,8,no,True,GEMINI,bajo,2.5,negativo,Movistar quiere publicidad gratis,https://araucaniadiario.cl/default/listar_contenido?p=1
También participó el precandidato a senador de derecha Miguel Mellado. La organización buscará solucionar los problemas particulares de esta provincia.,todo público,"política, municipal, asociación, Malleco, Collipulli, alcaldes, Miguel Mellado, senador, derecha",4.84,2025-04-17 23:36:26,Araucanía Diario,9,no,True,GEMINI,bajo,3.0,neutro,Alcalde de Collipulli convoca a las 11 comunas de Malleco para formar asociación de alcaldes,https://araucaniadiario.cl/default/listar_contenido?p=1
"Empresas como CDJ Group, Servicios Médicos Alfa Limitada, Layner Spa y BRC Compañía Limitada, son acusadas de no otorgar vacaciones ni hacer imposiciones, entre otras faltas.",+13,"atropello laboral, denuncia, hospital, trabajadores, licitaciones, vacaciones, imposiciones, empresas, Temuco",8.89,2025-04-17 23:36:26,Araucanía Diario,10,no,True,GEMINI,medio,4.2,negativo,"Denuncian graves atropellos laborales hacia trabajadores ""licitados"" en el Hospital Regional de Temuco",https://araucaniadiario.cl/default/listar_contenido?p=1
"196 mil afiliados se han cambiado entre 2024 y 2025. No pago de licencias médicas válidamente emitidas y retención unilateral de pagos, figuran entre las denuncias.",todo público,"Isapres, Fonasa, Sistema de Salud, Cotizantes, Abusos, Fuga de afiliados, Licencias médicas, Pagos, Denuncias",1.84,2025-04-17 23:36:26,Araucanía Diario,11,no,True,GEMINI,medio,4.2,negativo,Abusos de las isapres genera fuga masiva de cotizantes a Fonasa,https://araucaniadiario.cl/default/listar_contenido?p=1
"Hoy miércoles 16 de abril a las 18:00 horas, en el Museo Identidad Lautaro, se proyectará el documental que cuenta la verdad sobre los impactos de quemar basura.",+13,"medio ambiente, documental, contaminación, salud pública, basura, quema de residuos, impacto ambiental, WTE Araucanía",1.74,2025-04-17 23:36:26,Araucanía Diario,12,no,True,GEMINI,medio,3.5,negativo,Burning Injustice: el documental que revela los riesgos de plantas como WTE Araucanía,https://araucaniadiario.cl/default/listar_contenido?p=1
"El delegado presidencial de La Araucanía desestimó así las acusaciones de la Multigremial, que denunció ayer que existen más de 12 mil hectáreas controladas por grupos violentistas.",+13,"Araucanía, seguridad, conflicto, Estado, violencia, negación, Multigremial, delegado presidencial, control territorial",1.82,2025-04-17 23:36:26,Araucanía Diario,13,moderado,True,GEMINI,medio,3.5,negativo,Abdala descarta que haya zonas en la región sin control del Estado,https://araucaniadiario.cl/default/listar_contenido?p=2
"Chile mantenía una tendencia a la baja en las tasas de incidencia, pero desde la pandemia de COVID-19 se ha observado un repunte tanto a nivel nacional como internacional.",todo público,"salud, tuberculosis, enfermedades infecciosas, chile, pandemia, covid-19, hospital HHHA",2.66,2025-04-17 23:36:26,Araucanía Diario,14,no,True,GEMINI,medio,3.5,neutro,Hospital HHHA detectó 24 casos de tuberculosis en 2024,https://araucaniadiario.cl/default/listar_contenido?p=2
"También culparon al gobernador regional René Saffirio. Exigen una operación sostenida para retomar el control de las ""zonas fuera del Estado"".",+18,"seguridad, política, conflicto, grupos armados, autoridades, control territorial",1.57,2025-04-17 23:36:26,Araucanía Diario,15,sí,True,GEMINI,alto,4.2,negativo,Multigremial acusa al delegado presidencial de permitir zonas bajo control de grupos armados,https://araucaniadiario.cl/default/listar_contenido?p=2
,+13,"conflicto mapuche, La Araucanía, seguridad, territorio, estado de derecho, denuncia, multigremial",23.83,2025-04-17 23:36:26,Araucanía Diario,16,moderado,True,GEMINI,medio,3.5,negativo,Multigremial denuncia que hay 12 mil hectáreas a las que el Estado no puede entrar en La Araucanía,https://araucaniadiario.cl/default/listar_contenido?p=2
"Carlos Fierro Huenuman, junto a los hermanos Isaac y Juan Queipul Quidel, Kevin Rubilar Quiñimil y Javier Melillán Cifuentes fueron condenados a distintas penas.",+13,"delincuencia, robo de vehículos, condena, ercilla, justicia",4.81,2025-04-17 23:36:26,Araucanía Diario,17,sí,True,GEMINI,medio,3.5,negativo,Condenan a último integrante de banda que asaltaba y robaba vehículos en Ercilla,https://araucaniadiario.cl/default/listar_contenido?p=2
"La RADA compartió experiencias y análisis sobre el impacto positivo de las políticas de basura cero en distintos países, donde han demostrado ser una estrategia efectiva para el desarrollo sostenible.",todo público,"Basura Cero, Economía, Medio Ambiente, Desarrollo Sostenible, Políticas Públicas, RADA",2.69,2025-04-17 23:36:26,Araucanía Diario,18,no,True,GEMINI,bajo,4.2,positivo,Conozca los beneficios económicos y ambientales de Basura Cero,https://araucaniadiario.cl/default/listar_contenido?p=2
"Especialista de la UTalca aclaró que se trata de un permiso de residencia temporal vigente desde el 2020 y que, para obtenerlo, hay que cumplir con una serie de requisitos.",todo público,"migración, reunificación familiar, permiso de residencia, UTalca, Chile",4.72,2025-04-17 23:36:26,Araucanía Diario,19,no,True,GEMINI,bajo,3.0,neutro,Qué es el permiso de Reunificación Familiar para migrantes,https://araucaniadiario.cl/default/listar_contenido?p=2
Cientos de parceleros y comuneros mapuche de Temuco y Padre Las Casas no pudieron quemar sus rastrojos debido a la suspensión de quemas de Conaf.,todo público,"agricultura, medio ambiente, política, comunidades indígenas, Temuco, Padre Las Casas, Conaf, quemas, rastrojos",4.85,2025-04-17 23:36:26,Araucanía Diario,20,no,True,GEMINI,medio,2.5,neutro,Diputado Schubert adelanta que buscarán solución para agricultores que no alcanzaron a quemar,https://araucaniadiario.cl/default/listar_contenido?p=2
Se estima que de aquí a 10 años será la primera causa de muerte oncológica en nuestro país.,+13,"salud, cáncer colorrectal, mortalidad, La Araucanía, Chile, oncología, enfermedad, estadísticas, preocupación, pronóstico",1.76,2025-04-17 23:36:26,Araucanía Diario,21,no,True,GEMINI,alto,4.2,negativo,Más de 250 personas habrían muerto por cáncer colorrectal en La Araucanía en 2024,https://araucaniadiario.cl/default/listar_contenido?p=2
"Ubicado en la comuna de Loncoche, el humedal cuenta con aproximadamente 3,07 hectáreas, las cuales albergan mamíferos, anfibios, aves, peces y más de 70 especies de flora.",todo público,"Humedal Urbano, Laguna de Huiscapi, Loncoche, Conservación, Biodiversidad, Medio Ambiente, Flora, Fauna",1.89,2025-04-17 23:36:26,Araucanía Diario,22,no,True,GEMINI,bajo,4.2,positivo,Laguna de Huiscapi logra reconocimiento como Humedal Urbano,https://araucaniadiario.cl/default/listar_contenido?p=2
"En 1990 funcionaban más de 180 incineradoras de basura, hoy sólo quedan 63 operando y se siguen cerrando. Aquí el listado de plantas clausuradas.",todo público,"gestión de residuos, incineración, medio ambiente, cierre de plantas, Estados Unidos, energía, WTE",22.68,2025-04-17 23:36:26,Araucanía Diario,23,no,True,GEMINI,medio,3.5,negativo,Continúa el cierre de plantas para quemar basura WTE en Estados Unidos,https://araucaniadiario.cl/default/listar_contenido?p=2
El legislador resaltó la importancia de este proceso para la provisión de alimentos en la región y manifestó su compromiso en buscar una solución a esta situación.,todo público,"agricultura, reunión, suspensión, quemas agrícolas, legislador, alimentos, compromiso, solución",16.83,2025-04-17 23:36:26,Araucanía Diario,24,no,True,GEMINI,medio,3.0,neutro,Schubert convoca a reunión con agricultores y autoridades por suspensión de quemas agrícolas,https://araucaniadiario.cl/default/listar_contenido?p=2
Este 1 de abril la fundación de Alberto Hurtado inicia una activa campaña para sumar socios que contribuyan a fortalecer y aumentar los servicios de atención domiciliaria de personas mayores.,todo público,"fundación, Hogar de Cristo, personas mayores, pobreza, ayuda social, campaña, socios, atención domiciliaria",2.76,2025-04-17 23:36:26,Araucanía Diario,25,no,True,GEMINI,bajo,4.2,positivo,Hogar de Cristo necesita 10 mil nuevos socios para ayudar a las personas mayores en pobreza,https://araucaniadiario.cl/default/listar_contenido?p=3
Afecta al sistema nervioso central y periférico. Detectar sus síntomas a tiempo se ha transformado en un gran desafío para mejorar la calidad de vida entre quienes la padecen.,todo público,"Parkinson, enfermedad neurodegenerativa, salud, sistema nervioso, calidad de vida, Chile",1.67,2025-04-17 23:36:26,Araucanía Diario,26,no,True,GEMINI,medio,3.5,neutro,Parkinson: la enfermedad neurodegenerativa que afecta a más de 30 mil personas en Chile,https://araucaniadiario.cl/default/listar_contenido?p=3
"""Cuando se hace la paz, se hace la paz con los que están en guerra, ese es un principio elemental ... si uno conversa con los amigos, bueno, no conversa con nadie”, dijo.",+13,"conflicto mapuche, proceso de paz, Héctor Llaitul, José Bengoa, historiador, diálogo, encarcelamiento",22.9,2025-04-17 23:36:26,Araucanía Diario,27,moderado,True,GEMINI,medio,3.5,neutro,"Historiador José Bengoa: ""no se puede hacer una comisión de paz teniendo preso a Héctor Llaitul""",https://araucaniadiario.cl/default/listar_contenido?p=3
La máxima autoridad regional es la primera en el país en declarar que este sistema de tratamiento de residuos sólidos es lo que se quiere hacer para la región.,todo público,"política, medio ambiente, innovación, gestión de residuos, Chile, gobierno regional",4.65,2025-04-17 23:36:26,Araucanía Diario,28,no,True,GEMINI,bajo,4.2,positivo,"René Saffirio es el primer gobernador regional en comprometerse con ""Basura Cero""",https://araucaniadiario.cl/default/listar_contenido?p=3
"El proceso se realizará este sábado 12 de abril a partir de las 10:00 horas e incluye cupos tanto para niñas y niños que deseen iniciar su formación musical, como para jóvenes con conocimientos previos en instrumentos de cuerda.",todo público,"teatro, temuco, orquesta infantil juvenil, audiciones, música, cultura, formación musical, instrumentos de cuerda",16.78,2025-04-17 23:36:26,Araucanía Diario,29,no,True,GEMINI,bajo,4.2,positivo,Teatro Municipal de Temuco abre audiciones para su Orquesta Infantil Juvenil y su Semillero,https://araucaniadiario.cl/default/listar_contenido?p=3
"$4.700.000 ganaría el gerente interino y $3.500.000 un operador político. Sin embargo, un ""error"" administrativo los dejó sin recursos para las remuneraciones de este año.",+13,"salarios, corrupción, administración pública, finanzas, Chile",1.61,2025-04-17 23:36:26,Araucanía Diario,30,no,True,GEMINI,medio,3.5,negativo,Más de 20 millones de pesos figuran ganando trabajadores de la Corporación de Desarrollo,https://araucaniadiario.cl/default/listar_contenido?p=3
El parlamentario de derecha es acusado por la fiscalía regional de haber ayudado a Rinett Ortiz a que se adjudicara el dinero que después defraudó.,+13,"judicial, política, corrupción, arresto, diputado, Ojeda, prisión preventiva, defraudación",44.04,2025-04-17 23:36:26,Araucanía Diario,31,no,True,GEMINI,medio,3.5,negativo,Corte revoca arresto domiciliario y diputado Ojeda deberá volver a prisión preventiva,https://araucaniadiario.cl/default/listar_contenido?p=3
El cantante nacional se presentará en el escenario del Restobar Lucky Seven en el marco de su nueva gira titulada “Para Empezar”.,todo público,"concierto, música romántica, Andrés de León, Dreams, Restobar Lucky Seven, gira musical, Para Empezar",8.86,2025-04-17 23:36:26,Araucanía Diario,32,no,True,GEMINI,bajo,4.2,positivo,Andrés de León y su música romántica llegan hoy viernes a Dreams,https://araucaniadiario.cl/default/listar_contenido?p=3
"En otra de las aristas del caso ""Convenios"", se investiga la asignación fraudulenta de recursos a particulares relacionados a autoridades o políticos.",+13,"corrupción, fraude, investigación, política, convenios, recursos públicos, fiscalía, gobernador regional",1.92,2025-04-17 23:36:26,Araucanía Diario,33,no,True,GEMINI,alto,4.2,negativo,Gobernador regional cambia cerradura en la Corporación de Desarrollo y entrega evidencias a la fiscalía,https://araucaniadiario.cl/default/listar_contenido?p=3
La petición incluye ampliar el horario de funcionamiento de este medio de transporte y la creación de un plan de emergencia para situaciones de riesgo.,todo público,"política, transporte, senador Huenchumilla, Carahue, balsa de Moncul, horario, plan de emergencia",2.77,2025-04-17 23:36:26,Araucanía Diario,34,no,True,GEMINI,bajo,3.0,neutro,Senador Huenchumilla intercede por recorte horario en balsa de Moncul en Carahue,https://araucaniadiario.cl/default/listar_contenido?p=3
"Las palabras ""F. Fisco"", ""Cohecho"", ""Delito"", ""Encubridor"" y ""Folab"", entre otras, son las que se pueden leer en el elemento sacado ayer de la oficina por la PDI.",+13,"corrupción, delitos, investigación, convenios, pdi, fiscalía, cohecho, encubrimiento",1.86,2025-04-17 23:36:26,Araucanía Diario,35,no,True,GEMINI,alto,4.2,negativo,"Pizarra incautada en la Corporación de Desarrollo habla de delitos del caso ""Convenios""",https://araucaniadiario.cl/default/listar_contenido?p=3
"Acusaron además de haber apuntado con armas de fuego a niños de 5, 9, 12 y 13 años, sin permitir que sus madres o un adulto estuviera con ellos.",+18,"allanamiento, PDI, Quinquén, violencia infantil, denuncia policial",2.76,2025-04-17 23:36:26,Araucanía Diario,36,sí,True,GEMINI,alto,4.2,negativo,Desde Quinquén denuncian violento allanamiento de la PDI,https://araucaniadiario.cl/default/listar_contenido?p=3
"El parlamentario se reunió con los alcaldes de Cholchol, Galvarino, Perquenco y Ercilla, emplazando al Gobierno y autoridades del GORE a gestionar recursos para vehículos municipales.",todo público,"política, ayuda social, La Araucanía, municipios, recursos, gobierno regional, diputado, alcaldes",2.65,2025-04-17 23:36:26,Araucanía Diario,37,no,True,GEMINI,bajo,3.5,neutro,Diputado Becker visita y pide ayuda para comunas con menos recursos de La Araucanía,https://araucaniadiario.cl/default/listar_contenido?p=4
"La encuesta también arrojó resultados de cara a las elecciones presidenciales, senatoriales y para diputados, quedando Evelyn Matthei en primer lugar.",todo público,"política, encuestas, elecciones, diputados, presidenciales, senatoriales, Evelyn Matthei, Miguel Mellado",4.77,2025-04-17 23:36:26,Araucanía Diario,38,no,True,GEMINI,bajo,3.0,neutro,Miguel Mellado es uno de los diputados mejores evaluados según encuesta Terrae,https://araucaniadiario.cl/default/listar_contenido?p=4
El Gobierno suspendió las quemas agrícolas en el periodo habilitado para quemar en el mes de marzo y desde el 1 de abril el PDA no permite hacerlo.,todo público,"agricultura, Temuco, Padre Las Casas, quemas agrícolas, restricciones, gobierno, agricultores, parceleros, producción agrícola",16.83,2025-04-17 23:36:26,Araucanía Diario,39,no,True,GEMINI,medio,3.5,negativo,Pequeños agricultores y parceleros de Temuco y Padre Las Casas no podrán sembrar este año,https://araucaniadiario.cl/default/listar_contenido?p=4
"Aparecen marcando también por primera vez Daniel Sandoval, Marcelo Carrasco y otros precandidatos al Parlamento, según la encuesta de Terrae Consultores.",todo público,"política, elecciones, diputado, encuestas, liderazgo",22.57,2025-04-17 23:36:26,Araucanía Diario,40,no,True,GEMINI,bajo,3.5,neutro,Exdelegado José Montalva lidera las preferencias para diputado en la capital regional,https://araucaniadiario.cl/default/listar_contenido?p=4
"Alexis Paillal se mantiene detenido mientras se realizan los peritajes al cuerpo de su hermano, ya que se evidenció la acción de terceras personas en su muerte.",+18,"crimen, incendio, homicidio, violencia doméstica, investigación policial",1.76,2025-04-17 23:36:26,Araucanía Diario,41,sí,True,GEMINI,alto,4.2,negativo,Hombre acusado de quemar casa de su excónyuge podría haber asesinado a su hermano también,https://araucaniadiario.cl/default/listar_contenido?p=4
"Los ediles fueron los mejor evaluados por los vecinos de Temuco, según la encuesta de Terrae Consultores. Les siguen Bruno Hauestein y Claudia Peñailillo.",todo público,"política, municipalidad, Temuco, encuesta, evaluación, alcalde, concejales",1.62,2025-04-17 23:36:26,Araucanía Diario,42,no,True,GEMINI,bajo,3.5,positivo,Alcalde Roberto Neira y concejales Micaela Becker y Mario Jorquera lideran evaluación municipal,https://araucaniadiario.cl/default/listar_contenido?p=4
La encuesta Terrae Consultores midió la intención de voto presidencial en la capital regional y evaluó preferencias en parlamentarios e imagen municipal.,todo público,"política, elecciones, encuestas, Chile, Temuco, Mayne-Nicholls, Matthei, intención de voto, parlamentarios, imagen municipal",2.72,2025-04-17 23:36:26,Araucanía Diario,43,no,True,GEMINI,bajo,3.5,neutro,Harold Mayne-Nicholls pasa a Kaiser en Temuco y queda segundo luego de Evelyn Matthei,https://araucaniadiario.cl/default/listar_contenido?p=4
"Los pequeños agricultores y comunidades mapuche no han podido quemar sus rastrojos para luego sembrar, debido al atraso de las autorizaciones de Conaf y el inicio del PDA.",todo público,"agricultura, Temuco, Padre Las Casas, Conaf, autorizaciones, comunidades mapuche, rastrojos, siembra",1.68,2025-04-17 23:36:26,Araucanía Diario,44,no,True,GEMINI,medio,3.5,negativo,Más de 4 mil parceleros de Temuco y Padre Las Casas podrían quedar sin sembrar,https://araucaniadiario.cl/default/listar_contenido?p=4
"Mientras que una familiar la acusó de estafar a su tío, desde la iglesia evangélica en que participaba denunciaron que se quedó con la propiedad de un templo.",+13,"corrupción, prostitución, estafa, iglesia, denuncia, funcionaria judicial",16.65,2025-04-17 23:36:26,Araucanía Diario,45,no,True,GEMINI,medio,4.2,negativo,Aparecen más denuncias contra funcionaria judicial acusada de prostitución,https://araucaniadiario.cl/default/listar_contenido?p=4
"La situación golpeará fuertemente al Municipio, pero un decreto firmado por el Presidente Boric les permitirá cerrar anticipadamente, sin pagar la ""multa"" de $14.131 millones que corresponde.",todo público,"casino, Enjoy, Pucón, retiro, garantía, municipio, decreto, Boric, cierre anticipado, multa, economía local",1.82,2025-04-17 23:36:26,Araucanía Diario,46,no,True,GEMINI,medio,3.5,negativo,"Casino Enjoy se retira de Pucón sin tener que pagar ""garantía""",https://araucaniadiario.cl/default/listar_contenido?p=4
"La mujer trabaja en un juzgado de familia de La Araucanía y también fue acusada de estafar adultos mayores junto a su pareja, con quien publicaría material pornográfico.",+18,"prostitución, funcionaria judicial, suspensión, estafa, adultos mayores, material pornográfico, La Araucanía, juzgado de familia",16.79,2025-04-17 23:36:26,Araucanía Diario,47,no,True,GEMINI,medio,3.5,negativo,Suspenden a funcionaria judicial denunciada de ejercer la prostitución,https://araucaniadiario.cl/default/listar_contenido?p=4
"La exitosa iniciativa busca difundir la cultura del autocuidado, las terapias complementarias y los estilos de vida saludables, para que se complementen con la medicina convencional.",todo público,"salud holística, adultos mayores, Lonquimay, autocuidado, terapias complementarias, estilos de vida saludables, medicina convencional",22.72,2025-04-17 23:36:26,Araucanía Diario,48,no,True,GEMINI,bajo,4.5,positivo,Novedoso programa de Salud Holística del GORE ayuda a los adultos mayores de Lonquimay,https://araucaniadiario.cl/default/listar_contenido?p=4
La Fiscalía Judicial se encuentra investigando los hechos denunciados e informados en exclusiva por AraucaniaDiario. La mujer trabaja en un tribunal de la región y junto a su pareja además habrían estafado a adultos mayores.,+13,"investigación judicial, prostitución, estafa, adultos mayores, funcionaria pública, Corte de Apelaciones, Fiscalía Judicial",38.04,2025-04-17 23:36:26,Araucanía Diario,49,no,True,GEMINI,medio,3.5,negativo,Corte de Apelaciones abre investigación por funcionaria de un juzgado que ejercería la prostitución,https://araucaniadiario.cl/default/listar_contenido?p=5
"La mujer y su pareja difundían fotografías y videos íntimos, incluso manteniendo relaciones sexuales, material distribuido a través de X (Twitter) y de Arsmate. Se les denunció además de estafar adultos mayores.",+18,"prostitución, funcionaria judicial, denuncia, redes sociales, estafa, adultos mayores, contenido íntimo",16.88,2025-04-17 23:36:26,Araucanía Diario,50,moderado,True,GEMINI,alto,4.5,negativo,Denuncian a funcionaria judicial de ejercer la prostitución,https://araucaniadiario.cl/default/listar_contenido?p=5
Sigrid Alegría se sumó a la petición. “Necesito pedir un favor para una amiga con la…,todo público,"salud, actriz, donación de sangre, hospital, Temuco, Sigrid Alegría, UCI",1.66,2025-04-17 23:36:26,El Periódico,51,no,True,GEMINI,bajo,3.5,neutro,Actores piden donantes de sangre para reconocida actriz internada en la UCI del Hospital Hernán Henríquez de Temuco,https://www.elperiodico.cl/category/temuco/page/1
"Esta alianza busca reducir las brechas educacionales, ampliar la cobertura y mejorar el acceso a oportunidades…",todo público,"educación, convenio, universidad, alianza, acceso, oportunidades, Araucanía, Temuco",4.62,2025-04-17 23:36:26,El Periódico,52,no,True,GEMINI,bajo,4.2,positivo,Preu Araucanía firma inédito convenio con Universidad Santo Tomás de Temuco,https://www.elperiodico.cl/category/temuco/page/1
"Pese a los esfuerzos y planes de erradicación impulsados por la Organización Mundial de la Salud,…",todo público,"salud, enfermedad infecciosa, tuberculosis, Temuco, hospital, OMS",2.64,2025-04-17 23:36:26,El Periódico,53,no,True,GEMINI,medio,3.5,neutro,Hospital Hernán Henríquez de Temuco detectó 24 casos de tuberculosis en 2024 y llama a estar atentos a los síntomas,https://www.elperiodico.cl/category/temuco/page/1
El proceso se realizará este sábado 12 de abril e incluye cupos tanto para niñas y…,todo público,"teatro, Temuco, orquesta infantil juvenil, audiciones, música",9.43,2025-04-17 23:36:26,El Periódico,54,no,True,GEMINI,bajo,4.2,positivo,El Teatro Municipal de Temuco abre audiciones para su Orquesta Infantil Juvenil y su Semillero,https://www.elperiodico.cl/category/temuco/page/1
"La actividad fue encabezada por Álvaro Chávez, profesional de la Unidad de Calidad del Aire del…",todo público,"calidad del aire, contaminación atmosférica, educación ambiental, Universidad Santo Tomás, Temuco, Plan de Descontaminación Atmosférica, Vigilantes Ambientales",1.77,2025-04-17 23:36:26,El Periódico,55,no,True,GEMINI,bajo,3.5,neutro,Programa Vigilantes Ambientales: Estudiantes de Universidad Santo Tomás Temuco se actualizan en calidad del aire y Plan de Descontaminación Atmosférica,https://www.elperiodico.cl/category/temuco/page/1
"La jornada se enmarcó en la conmemoración del Día de la Terapia Ocupacional en Chile, siendo…",todo público,"parkinson, terapia ocupacional, salud, educación, UST Temuco, conmemoración, enfermedad, estudiantes",25.87,2025-04-17 23:36:26,El Periódico,56,no,True,GEMINI,bajo,3.5,positivo,Estudiantes de UST Temuco vivieron jornada junto a persona diagnosticada con párkinson a los 35 años y autor de “Cuando pase el temblor”,https://www.elperiodico.cl/category/temuco/page/1
"A lo largo de sus 137 años, el liceo ha transitado por diversas etapas, pasando de…",todo público,"educación, Liceo Pablo Neruda, Temuco, aniversario, historia, educación pública",2.71,2025-04-17 23:36:26,El Periódico,57,no,True,GEMINI,bajo,4.0,positivo,El Liceo Pablo Neruda de Temuco celebra 137 años de historia y compromiso con la educación pública,https://www.elperiodico.cl/category/temuco/page/1
Desde el municipio se dijo que actualmente se preparan los antecedentes técnicos para el ingreso del…,todo público,"licitación, construcción, centro de esterilización, mascotas, Temuco, municipio",1.63,2025-04-17 23:36:26,El Periódico,58,no,True,GEMINI,bajo,3.5,neutro,A fines de este mes ingresará a licitación construcción de nuevo centro de esterilización de mascotas en Fundo El Carmen en Temuco,https://www.elperiodico.cl/category/temuco/page/1
Se trató de la conferencia de la Asociación Europea de Tratamiento de Heridas en Barcelona. La…,todo público,"investigación, salud, cicatrización, miel de ulmo, congreso internacional, universidad Santo Tomás, Temuco, heridas, tratamiento",1.81,2025-04-17 23:36:26,El Periódico,59,no,True,GEMINI,bajo,4.2,positivo,Académica de la Universidad Santo Tomás Temuco presentó investigación sobre cicatrización con miel de ulmo en congreso internacional de heridas,https://www.elperiodico.cl/category/temuco/page/1
"Con la cancelación unilateral de dos espectáculos -primero el del comediante Don Carter, programado para el…",+13,"censura, cancelación, libertad de expresión, comedia, UCT, Temuco",16.68,2025-04-17 23:36:26,El Periódico,60,no,True,GEMINI,medio,4.2,negativo,Inquisición del Siglo XXI: Temuco retrocede bajo el yugo del gran canciller de la UCT y ahora cancela show de Paloma Salas,https://www.elperiodico.cl/category/temuco/page/1
"Este último tiempo han surgido prácticas como la adulteración de kilometraje, especialmente en ciudades como Temuco,…",todo público,"automóviles usados, Temuco, adulteración de kilometraje, historial del vehículo, fraude",8.67,2025-04-17 23:36:26,El Periódico,61,no,True,GEMINI,medio,3.5,negativo,Antes de comprar un auto usado en Temuco: Recomiendan verificar el historial del vehículo,https://www.elperiodico.cl/category/temuco/page/2
"El primer concierto de la Temporada 2025 traerá el virtuosismo del Concierto para piano de Brahms,…",todo público,"concierto, música clásica, orquesta filarmónica, temporada 2025, pianista, Svetlana Kotova, Brahms, Temuco",8.87,2025-04-17 23:36:26,El Periódico,62,no,True,GEMINI,bajo,4.5,positivo,Concierto ‘Ecos Románticos’: Temporada 2025 de la Orquesta Filarmónica de Temuco inicia con la pianista Svetlana Kotova como solista invitada,https://www.elperiodico.cl/category/temuco/page/2
"Todas y todos quienes sean mayores de 18 años podrán participar del remate, cuyos lotes incluyen…",todo público,"remate, vehículos, Tía Rica, Temuco, oportunidad",8.82,2025-04-17 23:36:26,El Periódico,63,no,True,GEMINI,bajo,3.5,neutro,Todos pueden participar: Tía Rica rematará más de 10 vehículos en Temuco,https://www.elperiodico.cl/category/temuco/page/2
"En esta entrevista, el doctor Castellanos nos comparte su visión sobre la importancia de la educación…",todo público,"finanzas personales, salud mental, educación financiera, bienestar",22.66,2025-04-17 23:36:26,El Periódico,64,no,True,GEMINI,medio,3.5,neutro,Las decisiones financieras pueden afectar seriamente la salud mental,https://www.elperiodico.cl/category/temuco/page/2
"Se informó que gracias a la activación de esta tecnología, los tiempos de traslado se disminuyeron…",todo público,"bomberos, semáforos, tecnología, seguridad, Temuco, emergencia, rescate, onda verde, transporte, respuesta rápida",4.74,2025-04-17 23:36:26,El Periódico,65,no,True,GEMINI,bajo,4.2,positivo,Realizan positivo balance de Sistema de Onda Verde en semáforos para el desplazamiento rápido de bomberos de Temuco,https://www.elperiodico.cl/category/temuco/page/2
"El segundo “Encuentro Ko, Fluir en la Danza” invita a compañías, academias y elencos a postular…",todo público,"danza, Temuco, convocatoria, arte, cultura, evento",1.85,2025-04-17 23:36:26,El Periódico,66,no,True,GEMINI,bajo,4.2,positivo,Temuco abre convocatoria para celebrar el Mes de la Danza,https://www.elperiodico.cl/category/temuco/page/2
"El proceso de certificación, liderado por el Grupo Pancco y respaldado por la Agrupación de Crohn…",todo público,"salud, hospital, acreditación, enfermedades inflamatorias, Temuco, Chile, excelencia, sistema público de salud, certificación, Grupo Pancco, Agrupación de Crohn",17.01,2025-04-17 23:36:26,El Periódico,67,no,True,GEMINI,bajo,4.5,positivo,Hospital Regional de Temuco fue acreditado como el primer centro de excelencia en enfermedades inflamatorias del sistema público de Salud en Chile,https://www.elperiodico.cl/category/temuco/page/2
"Las acusaciones contra Bastías Ñanco, relacionadas con abusos sexuales a menores, se remontan al menos a…",+18,"abuso sexual, Iglesia Católica, Temuco, expulsión, sacerdote, menores",2.59,2025-04-17 23:36:26,El Periódico,68,sí,True,GEMINI,alto,1.5,negativo,Expulsan del sacerdocio a José Vicente Bastías Ñanco por delitos graves en Temuco,https://www.elperiodico.cl/category/temuco/page/2
"Por primera vez en Chile, un teatro regional incorpora un musical de talla mundial a su…",todo público,"teatro, musical, Temuco, Cats, cultura, espectáculo, éxito",1.7,2025-04-17 23:36:26,El Periódico,69,no,True,GEMINI,bajo,4.5,positivo,"Todo un éxito fue la presentación de “Cats, el Musical”, en el Teatro Municipal de Temuco",https://www.elperiodico.cl/category/temuco/page/2
La especie chilena está catalogada como beneficiosa para la mantención de los bosques templados y es…,todo público,"rescate animal, monito del monte, cerro ñielol, conservación, bosque templado, fauna chilena",1.73,2025-04-17 23:36:26,El Periódico,70,no,True,GEMINI,bajo,4.2,positivo,Rescatan a monito del monte y lo liberan en el Cerro Ñielol,https://www.elperiodico.cl/category/temuco/page/2
"Este espacio, impulsado por la institución, busca fomentar la creatividad, la reflexión artística y el desarrollo…",todo público,"arte, exposición, carboncillo, paisajes, memoria, Santo Tomás Temuco, Paulina San Martín",2.61,2025-04-17 23:36:26,El Periódico,71,no,True,GEMINI,bajo,4.2,positivo,Santo Tomás en el Arte: la artista Paulina San Martín presenta “Paisajes de la Memoria” con técnica de carboncillo en Santo Tomás Temuco,https://www.elperiodico.cl/category/temuco/page/3
La oportunidad de presenciar una producción de esta envergadura en Temuco es un hito cultural que…,todo público,"musical, CATS, Temuco, cultura, evento",4.57,2025-04-17 23:36:26,El Periódico,72,no,True,GEMINI,bajo,4.5,positivo,Últimas entradas para CATS: el musical que trae a Temuco una producción de talla mundial,https://www.elperiodico.cl/category/temuco/page/3
"Este 2025, Santo Tomás ha recibido con entusiasmo a 2 mil 200 nuevos estudiantes, quienes se…",todo público,"educación, celebración, estudiantes, Santo Tomás Temuco, bienvenida",2.59,2025-04-17 23:36:26,El Periódico,73,no,True,GEMINI,bajo,4.2,positivo,Bienvenida Tomasina: estudiantes nuevos y antiguos disfrutaron de fiesta en el Gimnasio de Santo Tomás Temuco,https://www.elperiodico.cl/category/temuco/page/3
"El downhill es una competencia de ciclismo de montaña o descenso, en la que los participantes…",todo público,"deporte, ciclismo de montaña, downhill, competición, Temuco, Campeonato Panamericano, 2025",2.75,2025-04-17 23:36:26,El Periódico,74,no,True,GEMINI,medio,3.0,neutro,En Temuco se realizó el lanzamiento del próximo Campeonato Panamericano de Downhill 2025,https://www.elperiodico.cl/category/temuco/page/3
"Este programa de conciertos se extenderá a diversos establecimientos de la Región, incluyendo escuelas, liceos y…",todo público,"música, orquesta, educación, concierto, Temuco, escuela",1.59,2025-04-17 23:36:26,El Periódico,75,no,True,GEMINI,bajo,4.2,positivo,La Orquesta Filarmónica de Temuco inicia su Ciclo de Conciertos Educacionales 2025 en la Escuela Llaima,https://www.elperiodico.cl/category/temuco/page/3
"Los interesados en formar parte del Coro Infantil, Coro Adulto, Bafote y Bafotito pueden presentarse a…",todo público,"teatro, Temuco, audiciones, elenco, coro infantil, coro adulto, Bafote, Bafotito",16.77,2025-04-17 23:36:26,El Periódico,76,no,True,GEMINI,bajo,3.5,positivo,Teatro Municipal de Temuco abre audiciones para sus elencos estables,https://www.elperiodico.cl/category/temuco/page/3
"Su propósito es brindar herramientas y espacios a personas cuidadoras no remuneradas de niños, niñas, adolescentes…",todo público,"Temuco, Centro Comunitario, Cuidados, Protección, Cuidadores no remunerados, Niños, Adolescentes",16.73,2025-04-17 23:36:26,El Periódico,77,no,True,GEMINI,bajo,4.5,positivo,Inauguran Centro Comunitario de Cuidados y Protección en el sector Chivilcán de Temuco,https://www.elperiodico.cl/category/temuco/page/3
"En la instancia, se reunió la carrera de Enfermería, Terapia Ocupacional, Tecnología Médica, Kinesiología y Nutrición…",todo público,"salud, educación, universidad, internado, profesionales, enfermería, terapia ocupacional, tecnología médica, kinesiología, nutrición",2.67,2025-04-17 23:36:26,El Periódico,78,no,True,GEMINI,bajo,4.0,positivo,Facultad de Salud UST Temuco realiza Jornada de Inducción a los Internados Profesionales 2025,https://www.elperiodico.cl/category/temuco/page/3
"La seremi de Transportes invitó a la comunidad a utilizar la aplicación “Red Regional de Movilidad”,…",todo público,"transporte público, Temuco, GPS, microbuses, monitoreo, aplicación móvil, Red Regional de Movilidad",2.62,2025-04-17 23:36:26,El Periódico,79,no,True,GEMINI,bajo,3.5,neutro,"Autoridades señalan que frecuencias, horarios y recorridos de microbuses en Temuco son monitoreados por GPS",https://www.elperiodico.cl/category/temuco/page/3
Se trata de un moderno edificio que desde el mes de enero se encuentra operativo y…,todo público,"Defensoría, Inauguración, Edificio, Temuco, Araucanía",1.58,2025-04-17 23:36:26,El Periódico,80,no,True,GEMINI,bajo,3.5,positivo,Defensoría Regional de La Araucanía inaugura en Temuco su nuevo edificio,https://www.elperiodico.cl/category/temuco/page/3
La alumna demuestra que nunca es tarde para aprender. Su historia inspira a otros a seguir…,todo público,"educación, tercera edad, inspiración, Santo Tomás Temuco, Servicio Social, aprendizaje, superación personal",25.86,2025-04-17 23:36:26,El Periódico,81,no,True,GEMINI,bajo,4.5,positivo,"Con 73 años, Julia Reyes cumple su sueño de estudiar Servicio Social en Santo Tomás Temuco",https://www.elperiodico.cl/category/temuco/page/4
"Autoridad dijo que “este año vamos a identificar el lugar donde construiremos la nueva Cárcel, y…",todo público,"justicia, cárcel, Temuco, infraestructura, seguridad",8.64,2025-04-17 23:36:26,El Periódico,82,no,True,GEMINI,medio,3.0,neutro,Ministro de Justicia confirma que este año se definirá terreno para nueva Cárcel para Temuco y estaría en construcción en 2031,https://www.elperiodico.cl/category/temuco/page/4
El espectáculo ha cautivado a más de 50 mil espectadores en Chile y se presentará el…,todo público,"musical, teatro, entretenimiento, cultura, temuco, cats",25.67,2025-04-17 23:36:26,El Periódico,83,no,True,GEMINI,bajo,4.5,positivo,“Cats” El Musical llegará a Temuco tras su exitosa gira nacional,https://www.elperiodico.cl/category/temuco/page/4
"La actividad reunió a directores, jefes y coordinadores de carreras, además de representantes de las direcciones…",todo público,"educación, institución académica, reunión, CFT-IP Santo Tomás, Temuco, claustro académico",4.91,2025-04-17 23:36:26,El Periódico,84,no,True,GEMINI,bajo,3.5,neutro,Directores y coordinadores del CFT-IP Santo Tomás Temuco participaron en la 3ra. versión del Claustro Académico,https://www.elperiodico.cl/category/temuco/page/4
La invitación sigue abierta para que todas y todos sean parte de estas últimas jornadas en…,todo público,"cultura, Temuco, Cerro Ñielol, eventos, domingo culturales, marzo",65.83,2025-04-17 23:36:26,El Periódico,85,no,True,GEMINI,bajo,4.0,positivo,En Temuco: Marzo cierra los “Domingos Culturales” del Cerro Ñielol con sus últimas tres presentaciones,https://www.elperiodico.cl/category/temuco/page/4
"Las jornadas estuvieron marcadas por las palabras y bienvenida de la rectora de Santo Tomás Temuco,…",todo público,"educación, Santo Tomás Temuco, admisión, estudiantes, bienvenida",1.76,2025-04-17 23:36:26,El Periódico,86,no,True,GEMINI,bajo,4.2,positivo,Más de 2 mil 500 estudiantes nuevos se unieron a Santo Tomás Temuco este 2025,https://www.elperiodico.cl/category/temuco/page/4
El operativo permitió verificar el cumplimiento de normativas sanitarias y de seguridad en establecimientos gastronómicos del…,todo público,"fiscalización, restaurantes, Temuco, sumarios sanitarios, seguridad alimentaria",4.68,2025-04-17 23:36:26,El Periódico,87,no,True,GEMINI,medio,3.5,neutro,Realizan fiscalización en restaurantes de Avenida Balmaceda en Temuco que deja tres sumarios sanitarios,https://www.elperiodico.cl/category/temuco/page/4
"Desde temprano, cientos de niños y niñas, acompañados por sus padres, comenzaron a llegar al recinto…",todo público,"espectáculo infantil, niños, Temuco, Mi perro Chocolo, Cantando aprendo a hablar, entretenimiento, familia",1.7,2025-04-17 23:36:26,El Periódico,89,no,True,GEMINI,bajo,4.5,positivo,Más de 9 mil niños y niñas de Temuco disfrutaron del espectáculo de “Mi perro Chocolo” y Cantando aprendo a hablar”,https://www.elperiodico.cl/category/temuco/page/4
Las familias de Temuco llegaron hasta la Cancha 2 del Estadio para disfrutar de una fiesta…,todo público,"evento, Temuco, aniversario, público, familia, celebración",4.69,2025-04-17 23:36:26,El Periódico,90,no,True,GEMINI,bajo,4.2,positivo,15 mil personas llegaron hasta el Parque Estadio para presenciar el Show Aniversario de Temuco,https://www.elperiodico.cl/category/temuco/page/4
"A diferencia de la cirugía convencional, que requiere una esternotomía con una gran incisión en el…",todo público,"salud, cirugía, cardiología, innovación médica, Temuco, hospital",22.9,2025-04-17 23:36:26,El Periódico,91,no,True,GEMINI,medio,4.2,positivo,En el Hospital Regional de Temuco realizaron por primera vez cirugía cardiaca mínimamente invasiva,https://www.elperiodico.cl/category/temuco/page/5
"Para recibir una entrada, las personas tendrán que hacer un aporte para Bomberos y brigadistas que…",todo público,"evento, Temuco, aniversario, entradas, Bomberos, ayuda, brigadistas",16.72,2025-04-17 23:36:26,El Periódico,92,no,True,GEMINI,bajo,3.5,positivo,Comienza la entrega de entradas para el Show Aniversario de Temuco,https://www.elperiodico.cl/category/temuco/page/5
Cientos de personas disfrutaron de dos jornadas de música en vivo en el Museo Nacional Ferroviario…,todo público,"música, jazz, blues, festival, Temuco, evento cultural, museo",37.72,2025-04-17 23:36:26,El Periódico,93,no,True,GEMINI,bajo,4.2,positivo,La Rata Bluesera cerró el Festival Jazz y Blues sobre Rieles en Temuco,https://www.elperiodico.cl/category/temuco/page/5
Más de 8 mil personas festejaron al ritmo de María José Quintanilla y otros artistas. Cerca…,todo público,"celebración, aniversario, evento, música, Labranza, María José Quintanilla",4.66,2025-04-17 23:36:26,El Periódico,94,no,True,GEMINI,bajo,4.2,positivo,"Labranza celebró su 116° aniversario, reuniendo miles de personas en su Complejo Deportivo",https://www.elperiodico.cl/category/temuco/page/5
"El pasaje para adultos en Temuco subirá a 710 y 920 pesos, mientras que en Villarrica…",todo público,"transporte público, aumento tarifas, Temuco, Villarrica, economía",1.68,2025-04-17 23:36:26,El Periódico,95,no,True,GEMINI,bajo,3.5,negativo,Anuncian ahora que subirán las tarifas de las micros en Temuco y Villarrica,https://www.elperiodico.cl/category/temuco/page/5
"Por otro lado, la Avenida Alemania se transformará en un boulevard de entretenimiento con el regreso…",todo público,"Temuco, Labranza, Deporte, Cultura, Entretenimiento, Fin de Semana",22.83,2025-04-17 23:36:26,El Periódico,96,no,True,GEMINI,bajo,4.2,positivo,"Deporte, cultura, diversión habrá este fin de semana en Temuco y Labranza",https://www.elperiodico.cl/category/temuco/page/5
"A días de conmemorarse el Día Nacional Contra la Violencia en el Pololeo, las profesionales del…",+13,"violencia en el pololeo, relaciones, adolescentes, prevención, conmemoración, señales de alerta",22.74,2025-04-17 23:36:26,El Periódico,97,sí,True,GEMINI,medio,4.2,negativo,Las señales a tener en cuenta para detectar la violencia en el pololeo,https://www.elperiodico.cl/category/temuco/page/5
La Galería Municipal de Arte invita a artistas y público en general a un encuentro único…,todo público,"arte, cultura, Temuco, pintura, evento, plaza pública",2.59,2025-04-17 23:36:26,El Periódico,98,no,True,GEMINI,bajo,4.2,positivo,Invitan a artistas y público en general a participar en “Pintura In Situ” en la Plaza Aníbal Pinto de Temuco,https://www.elperiodico.cl/category/temuco/page/5
"Los asistentes pudieron adquirir flores, plantas de interior y exterior, cactus, suculentas y productos especializados en…",todo público,"flores, plantas, Temuco, Expo Flores Verano 2025, jardinería",16.68,2025-04-17 23:36:26,El Periódico,99,no,True,GEMINI,bajo,3.5,neutro,Este fin de semana se realizó en Temuco la Expo Flores Verano 2025,https://www.elperiodico.cl/category/temuco/page/5
"Resultados fueron publicados en Revista Logos Ciencia & Tecnología de Colombia, donde participaron los docentes de…",todo público,"investigación, universidad Santo Tomás Temuco, tecnoestrés, salud mental, desempeño docente, Revista Logos Ciencia & Tecnología",43.86,2025-04-17 23:36:26,El Periódico,100,no,True,GEMINI,medio,3.5,neutro,Investigación de Universidad Santo Tomás Temuco revela cómo el tecnoestrés afecta salud mental y desempeño docente,https://www.elperiodico.cl/category/temuco/page/5
"El docente de la carrera de Ingeniería Civil Matemática le aplicó una llave de judo en el cuello. En 2022 hizo lo mismo, exigiéndole una disculpa a otro estudiante para liberarlo, a pesar de sus quejas de dolor.",+18,"profesor, violencia, estrangulamiento, universidad, disciplina",2.3,2025-04-17 23:36:26,Araucanía Diario,1,sí,True,OPENAI,alto,4.5,negativo,Suspenden a profesor acusado de estrangular a un alumno en la UFRO,https://araucaniadiario.cl/default/listar_contenido?p=1
Hijo de uno de los fundadores del afamado grupo musical adelanta detalles del show en el Restobar Lucky 7 de hoy jueves.,todo público,"música, cultura, concierto, Chile, banda sonora",1.95,2025-04-17 23:36:26,Araucanía Diario,2,no,True,OPENAI,bajo,4.3,positivo,Los Viking 5: “somos parte de la banda sonora del pueblo chileno”,https://araucaniadiario.cl/default/listar_contenido?p=1
La situación ya habría ocurrido en 2022 sin que las autoridades sancionaran al docente. Alumnos de la Facultad de Ingeniería y Ciencias llamaron a un paro hoy.,+18,"agresión, universidad, protesta, docente, violencia",1.64,2025-04-17 23:36:26,Araucanía Diario,3,sí,True,OPENAI,alto,4.3,negativo,"Acusan a profesor de la UFRO de hacer ""llave de estrangulación"" a un alumno",https://araucaniadiario.cl/default/listar_contenido?p=1
"Vecinos del sector denunciaron que en la intersección de las calles Reyes Católicos con Luis Picasso, llegando al Rodoviario en Temuco, descargan las aguas servidas que traen.",+13,"buses, vaciado de baños, vía pública, aguas servidas, denuncia, Temuco",1.97,2025-04-17 23:36:26,Araucanía Diario,4,no,True,OPENAI,medio,4.2,negativo,Buses interregionales son sorprendidos vaciando sus baños en plena vía pública,https://araucaniadiario.cl/default/listar_contenido?p=1
"Según declaró Patricio Marín, el exrelator y hoy juez de Temuco Roberto Herrera, habría alterado resoluciones judiciales con fechas falsas, para cubrir interceptaciones telefónicas realizadas sin autorización legal.",+18,"justicia, corrupción, interceptaciones telefónicas",1.8,2025-04-17 23:36:26,Araucanía Diario,5,no,True,OPENAI,alto,4.5,negativo,"Imputado en ""Operación Huracán"" denuncia que juez oral habría alterado pruebas",https://araucaniadiario.cl/default/listar_contenido?p=1
El parlamentario denunció la falta de oficinas de la nueva repartición y la nula experiencia de la seremi Verónica López-Videla para ejercer el cargo.,todo público,"política, crítica gubernamental, seguridad",1.51,2025-04-17 23:36:26,Araucanía Diario,6,no,True,OPENAI,medio,3.5,negativo,"Diputado Becker por seremi de Seguridad: ""estamos cansados de la improvisación de este Gobierno""",https://araucaniadiario.cl/default/listar_contenido?p=1
"El médico de profesión y exdiputado del PPD es uno de los principales candidatos en la región, luego de que su expartido no presentara sus papeles en la elección anterior.",todo público,"política, elecciones, candidatos",1.26,2025-04-17 23:36:26,Araucanía Diario,7,no,True,OPENAI,bajo,4.2,positivo,Ricardo Celis entre los líderes de encuesta senatorial en La Araucanía,https://araucaniadiario.cl/default/listar_contenido?p=1
"Ricardo Barría Dillems, ingeniero comercial, magister en comunicación. Editor de AraucaniaDiario, miembro de la Sociedad Interamericana de Prensa (SIP).",todo público,"Telecomunicaciones, Publicidad, Medios de comunicación",1.65,2025-04-17 23:36:26,Araucanía Diario,8,no,True,OPENAI,bajo,2.5,neutro,Movistar quiere publicidad gratis,https://araucaniadiario.cl/default/listar_contenido?p=1
También participó el precandidato a senador de derecha Miguel Mellado. La organización buscará solucionar los problemas particulares de esta provincia.,todo público,"política, colaboración, Malleco, alcaldes",8.21,2025-04-17 23:36:26,Araucanía Diario,9,no,True,OPENAI,bajo,3.5,positivo,Alcalde de Collipulli convoca a las 11 comunas de Malleco para formar asociación de alcaldes,https://araucaniadiario.cl/default/listar_contenido?p=1
"Empresas como CDJ Group, Servicios Médicos Alfa Limitada, Layner Spa y BRC Compañía Limitada, son acusadas de no otorgar vacaciones ni hacer imposiciones, entre otras faltas.",todo público,"atropellos laborales, Hospital Regional de Temuco, CDJ Group, Servicios Médicos Alfa Limitada, Layner Spa, BRC Compañía Limitada",1.55,2025-04-17 23:36:26,Araucanía Diario,10,no,True,OPENAI,alto,4.2,negativo,"Denuncian graves atropellos laborales hacia trabajadores ""licitados"" en el Hospital Regional de Temuco",https://araucaniadiario.cl/default/listar_contenido?p=1
"196 mil afiliados se han cambiado entre 2024 y 2025. No pago de licencias médicas válidamente emitidas y retención unilateral de pagos, figuran entre las denuncias.",todo público,"isapres, Fonasa, cambio de afiliados, denuncias",1.56,2025-04-17 23:36:26,Araucanía Diario,11,no,True,OPENAI,medio,4.2,negativo,Abusos de las isapres genera fuga masiva de cotizantes a Fonasa,https://araucaniadiario.cl/default/listar_contenido?p=1
"Hoy miércoles 16 de abril a las 18:00 horas, en el Museo Identidad Lautaro, se proyectará el documental que cuenta la verdad sobre los impactos de quemar basura.",todo público,"documental, medio ambiente, impacto ambiental, basura, energía",1.5,2025-04-17 23:36:26,Araucanía Diario,12,no,True,OPENAI,medio,3.5,neutral,Burning Injustice: el documental que revela los riesgos de plantas como WTE Araucanía,https://araucaniadiario.cl/default/listar_contenido?p=1
"El delegado presidencial de La Araucanía desestimó así las acusaciones de la Multigremial, que denunció ayer que existen más de 12 mil hectáreas controladas por grupos violentistas.",+13,"control estatal, denuncias, grupos violentistas, delegado presidencial, La Araucanía",1.67,2025-04-17 23:36:26,Araucanía Diario,13,moderado,True,OPENAI,medio,2.8,neutro,Abdala descarta que haya zonas en la región sin control del Estado,https://araucaniadiario.cl/default/listar_contenido?p=2
"Chile mantenía una tendencia a la baja en las tasas de incidencia, pero desde la pandemia de COVID-19 se ha observado un repunte tanto a nivel nacional como internacional.",todo público,"tuberculosis, salud, pandemia, Chile, COVID-19",1.85,2025-04-17 23:36:26,Araucanía Diario,14,no,True,OPENAI,medio,4.0,negativo,Hospital HHHA detectó 24 casos de tuberculosis en 2024,https://araucaniadiario.cl/default/listar_contenido?p=2
"También culparon al gobernador regional René Saffirio. Exigen una operación sostenida para retomar el control de las ""zonas fuera del Estado"".",+18,"política, seguridad, conflicto, gobierno",9.97,2025-04-17 23:36:26,Araucanía Diario,15,sí,True,OPENAI,alto,4.3,negativo,Multigremial acusa al delegado presidencial de permitir zonas bajo control de grupos armados,https://araucaniadiario.cl/default/listar_contenido?p=2
,+13,"denuncia, territorio, Estado, La Araucanía",1.48,2025-04-17 23:36:26,Araucanía Diario,16,moderado,True,OPENAI,medio,3.5,negativo,Multigremial denuncia que hay 12 mil hectáreas a las que el Estado no puede entrar en La Araucanía,https://araucaniadiario.cl/default/listar_contenido?p=2
"Carlos Fierro Huenuman, junto a los hermanos Isaac y Juan Queipul Quidel, Kevin Rubilar Quiñimil y Javier Melillán Cifuentes fueron condenados a distintas penas.",+18,"condena, crimen, robo, justicia",1.29,2025-04-17 23:36:26,Araucanía Diario,17,sí,True,OPENAI,alto,3.5,negativo,Condenan a último integrante de banda que asaltaba y robaba vehículos en Ercilla,https://araucaniadiario.cl/default/listar_contenido?p=2
"La RADA compartió experiencias y análisis sobre el impacto positivo de las políticas de basura cero en distintos países, donde han demostrado ser una estrategia efectiva para el desarrollo sostenible.",todo público,"basura cero, impacto positivo, desarrollo sostenible",1.25,2025-04-17 23:36:26,Araucanía Diario,18,no,True,OPENAI,bajo,4.5,positivo,Conozca los beneficios económicos y ambientales de Basura Cero,https://araucaniadiario.cl/default/listar_contenido?p=2
"Especialista de la UTalca aclaró que se trata de un permiso de residencia temporal vigente desde el 2020 y que, para obtenerlo, hay que cumplir con una serie de requisitos.",todo público,"permiso de residencia, reunificación familiar, migración",1.38,2025-04-17 23:36:26,Araucanía Diario,19,no,True,OPENAI,bajo,3.5,neutro,Qué es el permiso de Reunificación Familiar para migrantes,https://araucaniadiario.cl/default/listar_contenido?p=2
Cientos de parceleros y comuneros mapuche de Temuco y Padre Las Casas no pudieron quemar sus rastrojos debido a la suspensión de quemas de Conaf.,todo público,"agricultura, quemas, mapuche, Conaf, rastrojos",1.33,2025-04-17 23:36:26,Araucanía Diario,20,no,True,OPENAI,medio,3.5,neutro,Diputado Schubert adelanta que buscarán solución para agricultores que no alcanzaron a quemar,https://araucaniadiario.cl/default/listar_contenido?p=2
Se estima que de aquí a 10 años será la primera causa de muerte oncológica en nuestro país.,+13,"salud, cáncer colorrectal, mortalidad, La Araucanía, enfermedades oncológicas",1.45,2025-04-17 23:36:26,Araucanía Diario,21,no,True,OPENAI,alto,4.5,negativo,Más de 250 personas habrían muerto por cáncer colorrectal en La Araucanía en 2024,https://araucaniadiario.cl/default/listar_contenido?p=2
"Ubicado en la comuna de Loncoche, el humedal cuenta con aproximadamente 3,07 hectáreas, las cuales albergan mamíferos, anfibios, aves, peces y más de 70 especies de flora.",todo público,"Humedal, Conservación, Biodiversidad, Reconocimiento",1.81,2025-04-17 23:36:26,Araucanía Diario,22,no,True,OPENAI,bajo,4.5,positivo,Laguna de Huiscapi logra reconocimiento como Humedal Urbano,https://araucaniadiario.cl/default/listar_contenido?p=2
"En 1990 funcionaban más de 180 incineradoras de basura, hoy sólo quedan 63 operando y se siguen cerrando. Aquí el listado de plantas clausuradas.",todo público,"medio ambiente, incineradoras, cierre de plantas, Estados Unidos",1.53,2025-04-17 23:36:26,Araucanía Diario,23,no,True,OPENAI,bajo,3.2,neutral,Continúa el cierre de plantas para quemar basura WTE en Estados Unidos,https://araucaniadiario.cl/default/listar_contenido?p=2
El legislador resaltó la importancia de este proceso para la provisión de alimentos en la región y manifestó su compromiso en buscar una solución a esta situación.,todo público,"agricultura, reunión, quemas",1.33,2025-04-17 23:36:26,Araucanía Diario,24,no,True,OPENAI,bajo,3.0,neutro,Schubert convoca a reunión con agricultores y autoridades por suspensión de quemas agrícolas,https://araucaniadiario.cl/default/listar_contenido?p=2
Este 1 de abril la fundación de Alberto Hurtado inicia una activa campaña para sumar socios que contribuyan a fortalecer y aumentar los servicios de atención domiciliaria de personas mayores.,todo público,"campaña social, ayuda a mayores, fundación, pobreza",1.83,2025-04-17 23:36:26,Araucanía Diario,25,no,True,OPENAI,bajo,4.5,positivo,Hogar de Cristo necesita 10 mil nuevos socios para ayudar a las personas mayores en pobreza,https://araucaniadiario.cl/default/listar_contenido?p=3
Afecta al sistema nervioso central y periférico. Detectar sus síntomas a tiempo se ha transformado en un gran desafío para mejorar la calidad de vida entre quienes la padecen.,todo público,"Parkinson, neurodegenerativa, sistema nervioso, Chile, salud",1.68,2025-04-17 23:36:26,Araucanía Diario,26,no,True,OPENAI,alto,3.5,neutro,Parkinson: la enfermedad neurodegenerativa que afecta a más de 30 mil personas en Chile,https://araucaniadiario.cl/default/listar_contenido?p=3
"""Cuando se hace la paz, se hace la paz con los que están en guerra, ese es un principio elemental ... si uno conversa con los amigos, bueno, no conversa con nadie”, dijo.",+13,"paz, conflicto, Héctor Llaitul, comisión de paz, José Bengoa",1.72,2025-04-17 23:36:26,Araucanía Diario,27,moderado,True,OPENAI,medio,3.5,neutro,"Historiador José Bengoa: ""no se puede hacer una comisión de paz teniendo preso a Héctor Llaitul""",https://araucaniadiario.cl/default/listar_contenido?p=3
La máxima autoridad regional es la primera en el país en declarar que este sistema de tratamiento de residuos sólidos es lo que se quiere hacer para la región.,todo público,"medio ambiente, residuos sólidos, política regional, sostenibilidad",1.4,2025-04-17 23:36:26,Araucanía Diario,28,no,True,OPENAI,bajo,4.2,positivo,"René Saffirio es el primer gobernador regional en comprometerse con ""Basura Cero""",https://araucaniadiario.cl/default/listar_contenido?p=3
"El proceso se realizará este sábado 12 de abril a partir de las 10:00 horas e incluye cupos tanto para niñas y niños que deseen iniciar su formación musical, como para jóvenes con conocimientos previos en instrumentos de cuerda.",todo público,"cultura, música, educación, infantil, juvenil, audiciones",1.75,2025-04-17 23:36:26,Araucanía Diario,29,no,True,OPENAI,bajo,4.5,positivo,Teatro Municipal de Temuco abre audiciones para su Orquesta Infantil Juvenil y su Semillero,https://araucaniadiario.cl/default/listar_contenido?p=3
"$4.700.000 ganaría el gerente interino y $3.500.000 un operador político. Sin embargo, un ""error"" administrativo los dejó sin recursos para las remuneraciones de este año.",todo público,"salarios, trabajadores, corporación, error administrativo, recursos",1.81,2025-04-17 23:36:26,Araucanía Diario,30,no,True,OPENAI,medio,3.2,negativo,Más de 20 millones de pesos figuran ganando trabajadores de la Corporación de Desarrollo,https://araucaniadiario.cl/default/listar_contenido?p=3
El parlamentario de derecha es acusado por la fiscalía regional de haber ayudado a Rinett Ortiz a que se adjudicara el dinero que después defraudó.,+18,"arresto, corrupción, diputado, prisión, defraudación",1.76,2025-04-17 23:36:26,Araucanía Diario,31,no,True,OPENAI,alto,3.8,negativo,Corte revoca arresto domiciliario y diputado Ojeda deberá volver a prisión preventiva,https://araucaniadiario.cl/default/listar_contenido?p=3
El cantante nacional se presentará en el escenario del Restobar Lucky Seven en el marco de su nueva gira titulada “Para Empezar”.,todo público,"música, concierto, romántico, gira, Andrés de León",1.99,2025-04-17 23:36:26,Araucanía Diario,32,no,True,OPENAI,bajo,4.5,positivo,Andrés de León y su música romántica llegan hoy viernes a Dreams,https://araucaniadiario.cl/default/listar_contenido?p=3
"En otra de las aristas del caso ""Convenios"", se investiga la asignación fraudulenta de recursos a particulares relacionados a autoridades o políticos.",+18,"corrupción, investigación, gobierno, fraude",1.46,2025-04-17 23:36:26,Araucanía Diario,33,no,True,OPENAI,alto,4.2,negativo,Gobernador regional cambia cerradura en la Corporación de Desarrollo y entrega evidencias a la fiscalía,https://araucaniadiario.cl/default/listar_contenido?p=3
La petición incluye ampliar el horario de funcionamiento de este medio de transporte y la creación de un plan de emergencia para situaciones de riesgo.,todo público,"transporte, política, infraestructura",2.32,2025-04-17 23:36:26,Araucanía Diario,34,no,True,OPENAI,bajo,4.2,positivo,Senador Huenchumilla intercede por recorte horario en balsa de Moncul en Carahue,https://araucaniadiario.cl/default/listar_contenido?p=3
"Las palabras ""F. Fisco"", ""Cohecho"", ""Delito"", ""Encubridor"" y ""Folab"", entre otras, son las que se pueden leer en el elemento sacado ayer de la oficina por la PDI.",+18,"delitos, corrupción, investigación, caso legal",1.79,2025-04-17 23:36:26,Araucanía Diario,35,no,True,OPENAI,alto,4.3,negativo,"Pizarra incautada en la Corporación de Desarrollo habla de delitos del caso ""Convenios""",https://araucaniadiario.cl/default/listar_contenido?p=3
"Acusaron además de haber apuntado con armas de fuego a niños de 5, 9, 12 y 13 años, sin permitir que sus madres o un adulto estuviera con ellos.",+18,"allanamiento, violencia policial, derechos humanos, niños",1.52,2025-04-17 23:36:26,Araucanía Diario,36,sí,True,OPENAI,alto,4.5,negativo,Desde Quinquén denuncian violento allanamiento de la PDI,https://araucaniadiario.cl/default/listar_contenido?p=3
"El parlamentario se reunió con los alcaldes de Cholchol, Galvarino, Perquenco y Ercilla, emplazando al Gobierno y autoridades del GORE a gestionar recursos para vehículos municipales.",todo público,"política, recursos, comunas, gobierno, ayuda",1.9,2025-04-17 23:36:26,Araucanía Diario,37,no,True,OPENAI,bajo,3.0,neutro,Diputado Becker visita y pide ayuda para comunas con menos recursos de La Araucanía,https://araucaniadiario.cl/default/listar_contenido?p=4
"La encuesta también arrojó resultados de cara a las elecciones presidenciales, senatoriales y para diputados, quedando Evelyn Matthei en primer lugar.",todo público,"encuesta, política, diputados, Miguel Mellado, Evelyn Matthei, elecciones",1.51,2025-04-17 23:36:26,Araucanía Diario,38,no,True,OPENAI,bajo,3.5,positivo,Miguel Mellado es uno de los diputados mejores evaluados según encuesta Terrae,https://araucaniadiario.cl/default/listar_contenido?p=4
El Gobierno suspendió las quemas agrícolas en el periodo habilitado para quemar en el mes de marzo y desde el 1 de abril el PDA no permite hacerlo.,todo público,"agricultura, quemas agrícolas, regulación gubernamental, Temuco, Padre Las Casas",2.87,2025-04-17 23:36:26,Araucanía Diario,39,no,True,OPENAI,medio,4.2,negativo,Pequeños agricultores y parceleros de Temuco y Padre Las Casas no podrán sembrar este año,https://araucaniadiario.cl/default/listar_contenido?p=4
"Aparecen marcando también por primera vez Daniel Sandoval, Marcelo Carrasco y otros precandidatos al Parlamento, según la encuesta de Terrae Consultores.",todo público,"política, elecciones, encuestas",2.13,2025-04-17 23:36:26,Araucanía Diario,40,no,True,OPENAI,bajo,3.0,neutro,Exdelegado José Montalva lidera las preferencias para diputado en la capital regional,https://araucaniadiario.cl/default/listar_contenido?p=4
"Alexis Paillal se mantiene detenido mientras se realizan los peritajes al cuerpo de su hermano, ya que se evidenció la acción de terceras personas en su muerte.",+18,"crimen, incendio, homicidio, investigación",1.66,2025-04-17 23:36:26,Araucanía Diario,41,sí,True,OPENAI,alto,4.5,negativo,Hombre acusado de quemar casa de su excónyuge podría haber asesinado a su hermano también,https://araucaniadiario.cl/default/listar_contenido?p=4
"Los ediles fueron los mejor evaluados por los vecinos de Temuco, según la encuesta de Terrae Consultores. Les siguen Bruno Hauestein y Claudia Peñailillo.",todo público,"evaluación, municipal, encuesta, Temuco, alcalde, concejales",1.71,2025-04-17 23:36:26,Araucanía Diario,42,no,True,OPENAI,bajo,4.5,positivo,Alcalde Roberto Neira y concejales Micaela Becker y Mario Jorquera lideran evaluación municipal,https://araucaniadiario.cl/default/listar_contenido?p=4
La encuesta Terrae Consultores midió la intención de voto presidencial en la capital regional y evaluó preferencias en parlamentarios e imagen municipal.,todo público,"política, encuesta, elecciones, Harold Mayne-Nicholls, Evelyn Matthei",1.79,2025-04-17 23:36:26,Araucanía Diario,43,no,True,OPENAI,bajo,3.0,neutro,Harold Mayne-Nicholls pasa a Kaiser en Temuco y queda segundo luego de Evelyn Matthei,https://araucaniadiario.cl/default/listar_contenido?p=4
"Los pequeños agricultores y comunidades mapuche no han podido quemar sus rastrojos para luego sembrar, debido al atraso de las autorizaciones de Conaf y el inicio del PDA.",todo público,"agricultura, comunidades mapuche, autorizaciones, Conaf, PDA, quema de rastrojos",1.83,2025-04-17 23:36:26,Araucanía Diario,44,no,True,OPENAI,medio,3.5,negativo,Más de 4 mil parceleros de Temuco y Padre Las Casas podrían quedar sin sembrar,https://araucaniadiario.cl/default/listar_contenido?p=4
"Mientras que una familiar la acusó de estafar a su tío, desde la iglesia evangélica en que participaba denunciaron que se quedó con la propiedad de un templo.",+18,"denuncias, funcionaria judicial, prostitución, estafa, iglesia evangélica",1.71,2025-04-17 23:36:26,Araucanía Diario,45,no,True,OPENAI,alto,4.3,negativo,Aparecen más denuncias contra funcionaria judicial acusada de prostitución,https://araucaniadiario.cl/default/listar_contenido?p=4
"La situación golpeará fuertemente al Municipio, pero un decreto firmado por el Presidente Boric les permitirá cerrar anticipadamente, sin pagar la ""multa"" de $14.131 millones que corresponde.",todo público,"casino, municipio, decreto, finanzas, retirada",1.66,2025-04-17 23:36:26,Araucanía Diario,46,no,True,OPENAI,medio,4.2,negativo,"Casino Enjoy se retira de Pucón sin tener que pagar ""garantía""",https://araucaniadiario.cl/default/listar_contenido?p=4
"La mujer trabaja en un juzgado de familia de La Araucanía y también fue acusada de estafar adultos mayores junto a su pareja, con quien publicaría material pornográfico.",+18,"funcionaria judicial, prostitución, estafa, La Araucanía, material pornográfico",1.66,2025-04-17 23:36:26,Araucanía Diario,47,no,True,OPENAI,alto,4.5,negativo,Suspenden a funcionaria judicial denunciada de ejercer la prostitución,https://araucaniadiario.cl/default/listar_contenido?p=4
"La exitosa iniciativa busca difundir la cultura del autocuidado, las terapias complementarias y los estilos de vida saludables, para que se complementen con la medicina convencional.",todo público,"salud holística, autocuidado, terapias complementarias, adultos mayores, Lonquimay",1.46,2025-04-17 23:36:26,Araucanía Diario,48,no,True,OPENAI,bajo,4.5,positivo,Novedoso programa de Salud Holística del GORE ayuda a los adultos mayores de Lonquimay,https://araucaniadiario.cl/default/listar_contenido?p=4
La Fiscalía Judicial se encuentra investigando los hechos denunciados e informados en exclusiva por AraucaniaDiario. La mujer trabaja en un tribunal de la región y junto a su pareja además habrían estafado a adultos mayores.,+18,"investigación, prostitución, estafa, juzgado, adultos mayores",1.38,2025-04-17 23:36:26,Araucanía Diario,49,no,True,OPENAI,alto,4.5,negativo,Corte de Apelaciones abre investigación por funcionaria de un juzgado que ejercería la prostitución,https://araucaniadiario.cl/default/listar_contenido?p=5
"La mujer y su pareja difundían fotografías y videos íntimos, incluso manteniendo relaciones sexuales, material distribuido a través de X (Twitter) y de Arsmate. Se les denunció además de estafar adultos mayores.",+18,"denuncia, prostitución, fraude, adultos mayores, redes sociales",30.47,2025-04-17 23:36:26,Araucanía Diario,50,no,True,OPENAI,alto,4.5,negativo,Denuncian a funcionaria judicial de ejercer la prostitución,https://araucaniadiario.cl/default/listar_contenido?p=5
Sigrid Alegría se sumó a la petición. “Necesito pedir un favor para una amiga con la…,todo público,"donación de sangre, salud, hospital, actores, ayuda",1.39,2025-04-17 23:36:26,El Periódico,51,no,True,OPENAI,medio,4.0,neutro,Actores piden donantes de sangre para reconocida actriz internada en la UCI del Hospital Hernán Henríquez de Temuco,https://www.elperiodico.cl/category/temuco/page/1
"Esta alianza busca reducir las brechas educacionales, ampliar la cobertura y mejorar el acceso a oportunidades…",todo público,"educación, alianza, oportunidades, universidad",1.58,2025-04-17 23:36:26,El Periódico,52,no,True,OPENAI,bajo,4.5,positivo,Preu Araucanía firma inédito convenio con Universidad Santo Tomás de Temuco,https://www.elperiodico.cl/category/temuco/page/1
"Pese a los esfuerzos y planes de erradicación impulsados por la Organización Mundial de la Salud,…",todo público,"salud, tuberculosis, prevención, alerta",1.32,2025-04-17 23:36:26,El Periódico,53,no,True,OPENAI,medio,3.5,neutro,Hospital Hernán Henríquez de Temuco detectó 24 casos de tuberculosis en 2024 y llama a estar atentos a los síntomas,https://www.elperiodico.cl/category/temuco/page/1
El proceso se realizará este sábado 12 de abril e incluye cupos tanto para niñas y…,todo público,"Teatro, Audiciones, Orquesta Juvenil, Cultura",1.54,2025-04-17 23:36:26,El Periódico,54,no,True,OPENAI,bajo,4.3,positivo,El Teatro Municipal de Temuco abre audiciones para su Orquesta Infantil Juvenil y su Semillero,https://www.elperiodico.cl/category/temuco/page/1
"La actividad fue encabezada por Álvaro Chávez, profesional de la Unidad de Calidad del Aire del…",todo público,"educación ambiental, calidad del aire, descontaminación, estudiantes, Temuco",1.65,2025-04-17 23:36:26,El Periódico,55,no,True,OPENAI,bajo,4.0,positivo,Programa Vigilantes Ambientales: Estudiantes de Universidad Santo Tomás Temuco se actualizan en calidad del aire y Plan de Descontaminación Atmosférica,https://www.elperiodico.cl/category/temuco/page/1
"La jornada se enmarcó en la conmemoración del Día de la Terapia Ocupacional en Chile, siendo…",todo público,"salud, educación, terapia ocupacional, párkinson, concienciación",1.73,2025-04-17 23:36:26,El Periódico,56,no,True,OPENAI,bajo,4.2,positivo,Estudiantes de UST Temuco vivieron jornada junto a persona diagnosticada con párkinson a los 35 años y autor de “Cuando pase el temblor”,https://www.elperiodico.cl/category/temuco/page/1
"A lo largo de sus 137 años, el liceo ha transitado por diversas etapas, pasando de…",todo público,"educación, aniversario, liceo, historia",1.67,2025-04-17 23:36:26,El Periódico,57,no,True,OPENAI,bajo,4.5,positivo,El Liceo Pablo Neruda de Temuco celebra 137 años de historia y compromiso con la educación pública,https://www.elperiodico.cl/category/temuco/page/1
Desde el municipio se dijo que actualmente se preparan los antecedentes técnicos para el ingreso del…,todo público,"construcción, licenciación, centro de esterilización, mascotas, Temuco",1.72,2025-04-17 23:36:26,El Periódico,58,no,True,OPENAI,bajo,3.5,neutro,A fines de este mes ingresará a licitación construcción de nuevo centro de esterilización de mascotas en Fundo El Carmen en Temuco,https://www.elperiodico.cl/category/temuco/page/1
Se trató de la conferencia de la Asociación Europea de Tratamiento de Heridas en Barcelona. La…,todo público,"investigación, cicatrización, miel de ulmo, congreso internacional, heridas",1.64,2025-04-17 23:36:26,El Periódico,59,no,True,OPENAI,bajo,4.2,positivo,Académica de la Universidad Santo Tomás Temuco presentó investigación sobre cicatrización con miel de ulmo en congreso internacional de heridas,https://www.elperiodico.cl/category/temuco/page/1
"Con la cancelación unilateral de dos espectáculos -primero el del comediante Don Carter, programado para el…",todo público,"cancelación, espectáculos, crítica, censura, controversia",1.37,2025-04-17 23:36:26,El Periódico,60,no,True,OPENAI,medio,3.5,negativo,Inquisición del Siglo XXI: Temuco retrocede bajo el yugo del gran canciller de la UCT y ahora cancela show de Paloma Salas,https://www.elperiodico.cl/category/temuco/page/1
"Este último tiempo han surgido prácticas como la adulteración de kilometraje, especialmente en ciudades como Temuco,…",todo público,"auto usado, historial del vehículo, adulteración de kilometraje, Temuco",1.71,2025-04-17 23:36:26,El Periódico,61,no,True,OPENAI,medio,3.5,neutro,Antes de comprar un auto usado en Temuco: Recomiendan verificar el historial del vehículo,https://www.elperiodico.cl/category/temuco/page/2
"El primer concierto de la Temporada 2025 traerá el virtuosismo del Concierto para piano de Brahms,…",todo público,"concierto, música clásica, Svetlana Kotova, Brahms, Orquesta Filarmónica de Temuco",1.41,2025-04-17 23:36:26,El Periódico,62,no,True,OPENAI,bajo,4.5,positivo,Concierto ‘Ecos Románticos’: Temporada 2025 de la Orquesta Filarmónica de Temuco inicia con la pianista Svetlana Kotova como solista invitada,https://www.elperiodico.cl/category/temuco/page/2
"Todas y todos quienes sean mayores de 18 años podrán participar del remate, cuyos lotes incluyen…",todo público,"remate, vehículos, Temuco, participación",1.66,2025-04-17 23:36:26,El Periódico,63,no,True,OPENAI,bajo,3.5,neutro,Todos pueden participar: Tía Rica rematará más de 10 vehículos en Temuco,https://www.elperiodico.cl/category/temuco/page/2
"En esta entrevista, el doctor Castellanos nos comparte su visión sobre la importancia de la educación…",todo público,"salud mental, decisiones financieras, educación",1.64,2025-04-17 23:36:26,El Periódico,64,no,True,OPENAI,medio,3.5,neutro,Las decisiones financieras pueden afectar seriamente la salud mental,https://www.elperiodico.cl/category/temuco/page/2
"Se informó que gracias a la activación de esta tecnología, los tiempos de traslado se disminuyeron…",todo público,"tecnología, transporte, emergencias, eficiencia, bomberos",1.42,2025-04-17 23:36:26,El Periódico,65,no,True,OPENAI,bajo,4.5,positivo,Realizan positivo balance de Sistema de Onda Verde en semáforos para el desplazamiento rápido de bomberos de Temuco,https://www.elperiodico.cl/category/temuco/page/2
"El segundo “Encuentro Ko, Fluir en la Danza” invita a compañías, academias y elencos a postular…",todo público,"Danza, Convocatoria, Cultura, Evento",1.58,2025-04-17 23:36:26,El Periódico,66,no,True,OPENAI,bajo,4.5,positivo,Temuco abre convocatoria para celebrar el Mes de la Danza,https://www.elperiodico.cl/category/temuco/page/2
"El proceso de certificación, liderado por el Grupo Pancco y respaldado por la Agrupación de Crohn…",todo público,"salud, certificación, enfermedades inflamatorias, centro de excelencia, Chile",1.45,2025-04-17 23:36:26,El Periódico,67,no,True,OPENAI,bajo,4.5,positivo,Hospital Regional de Temuco fue acreditado como el primer centro de excelencia en enfermedades inflamatorias del sistema público de Salud en Chile,https://www.elperiodico.cl/category/temuco/page/2
"Las acusaciones contra Bastías Ñanco, relacionadas con abusos sexuales a menores, se remontan al menos a…",+18,"expulsión, sacerdocio, abuso sexual, menores, Temuco",1.54,2025-04-17 23:36:26,El Periódico,68,sí,True,OPENAI,alto,4.8,negativo,Expulsan del sacerdocio a José Vicente Bastías Ñanco por delitos graves en Temuco,https://www.elperiodico.cl/category/temuco/page/2
"Por primera vez en Chile, un teatro regional incorpora un musical de talla mundial a su…",todo público,"teatro, musical, evento, Cats",1.26,2025-04-17 23:36:26,El Periódico,69,no,True,OPENAI,bajo,4.5,positivo,"Todo un éxito fue la presentación de “Cats, el Musical”, en el Teatro Municipal de Temuco",https://www.elperiodico.cl/category/temuco/page/2
La especie chilena está catalogada como beneficiosa para la mantención de los bosques templados y es…,todo público,"rescate, fauna, medio ambiente, conservación",2,2025-04-17 23:36:26,El Periódico,70,no,True,OPENAI,bajo,4.5,positivo,Rescatan a monito del monte y lo liberan en el Cerro Ñielol,https://www.elperiodico.cl/category/temuco/page/2
"Este espacio, impulsado por la institución, busca fomentar la creatividad, la reflexión artística y el desarrollo…",todo público,"arte, exposición, técnica, carboncillo",1.82,2025-04-17 23:36:26,El Periódico,71,no,True,OPENAI,bajo,4.5,positivo,Santo Tomás en el Arte: la artista Paulina San Martín presenta “Paisajes de la Memoria” con técnica de carboncillo en Santo Tomás Temuco,https://www.elperiodico.cl/category/temuco/page/3
La oportunidad de presenciar una producción de esta envergadura en Temuco es un hito cultural que…,todo público,"CATS, musical, cultura, Temuco, producción",1.46,2025-04-17 23:36:26,El Periódico,72,no,True,OPENAI,bajo,4.8,positivo,Últimas entradas para CATS: el musical que trae a Temuco una producción de talla mundial,https://www.elperiodico.cl/category/temuco/page/3
"Este 2025, Santo Tomás ha recibido con entusiasmo a 2 mil 200 nuevos estudiantes, quienes se…",todo público,"evento estudiantil, bienvenida, educación, fiesta, Santo Tomás Temuco",1.46,2025-04-17 23:36:26,El Periódico,73,no,True,OPENAI,bajo,4.5,positivo,Bienvenida Tomasina: estudiantes nuevos y antiguos disfrutaron de fiesta en el Gimnasio de Santo Tomás Temuco,https://www.elperiodico.cl/category/temuco/page/3
"El downhill es una competencia de ciclismo de montaña o descenso, en la que los participantes…",todo público,"Temuco, Campeonato Panamericano, Downhill, ciclismo de montaña, deporte",2.15,2025-04-17 23:36:26,El Periódico,74,no,True,OPENAI,medio,4.0,positivo,En Temuco se realizó el lanzamiento del próximo Campeonato Panamericano de Downhill 2025,https://www.elperiodico.cl/category/temuco/page/3
"Este programa de conciertos se extenderá a diversos establecimientos de la Región, incluyendo escuelas, liceos y…",todo público,"música, educación, cultura",1.34,2025-04-17 23:36:26,El Periódico,75,no,True,OPENAI,bajo,4.5,positivo,La Orquesta Filarmónica de Temuco inicia su Ciclo de Conciertos Educacionales 2025 en la Escuela Llaima,https://www.elperiodico.cl/category/temuco/page/3
"Los interesados en formar parte del Coro Infantil, Coro Adulto, Bafote y Bafotito pueden presentarse a…",todo público,"Teatro, Audiciones, Elencos, Arte, Música",1.37,2025-04-17 23:36:26,El Periódico,76,no,True,OPENAI,bajo,4.5,positivo,Teatro Municipal de Temuco abre audiciones para sus elencos estables,https://www.elperiodico.cl/category/temuco/page/3
"Su propósito es brindar herramientas y espacios a personas cuidadoras no remuneradas de niños, niñas, adolescentes…",todo público,"centro comunitario, cuidados, protección, Temuco, Chivilcán",2.25,2025-04-17 23:36:26,El Periódico,77,no,True,OPENAI,bajo,4.5,positivo,Inauguran Centro Comunitario de Cuidados y Protección en el sector Chivilcán de Temuco,https://www.elperiodico.cl/category/temuco/page/3
"En la instancia, se reunió la carrera de Enfermería, Terapia Ocupacional, Tecnología Médica, Kinesiología y Nutrición…",todo público,"educación, salud, universidad, inducción, internados",1.76,2025-04-17 23:36:26,El Periódico,78,no,True,OPENAI,bajo,4.2,positivo,Facultad de Salud UST Temuco realiza Jornada de Inducción a los Internados Profesionales 2025,https://www.elperiodico.cl/category/temuco/page/3
"La seremi de Transportes invitó a la comunidad a utilizar la aplicación “Red Regional de Movilidad”,…",todo público,"transporte público, tecnología, movilidad urbana, Temuco",1.43,2025-04-17 23:36:26,El Periódico,79,no,True,OPENAI,bajo,4.2,positivo,"Autoridades señalan que frecuencias, horarios y recorridos de microbuses en Temuco son monitoreados por GPS",https://www.elperiodico.cl/category/temuco/page/3
Se trata de un moderno edificio que desde el mes de enero se encuentra operativo y…,todo público,"inauguración, edificio moderno, Defensoría Regional, Temuco, La Araucanía",1.6,2025-04-17 23:36:26,El Periódico,80,no,True,OPENAI,bajo,4.0,positivo,Defensoría Regional de La Araucanía inaugura en Temuco su nuevo edificio,https://www.elperiodico.cl/category/temuco/page/3
La alumna demuestra que nunca es tarde para aprender. Su historia inspira a otros a seguir…,todo público,"educación, inspiración, superación personal",1.36,2025-04-17 23:36:26,El Periódico,81,no,True,OPENAI,bajo,4.5,positivo,"Con 73 años, Julia Reyes cumple su sueño de estudiar Servicio Social en Santo Tomás Temuco",https://www.elperiodico.cl/category/temuco/page/4
"Autoridad dijo que “este año vamos a identificar el lugar donde construiremos la nueva Cárcel, y…",todo público,"cárcel, construcción, Temuco, justicia",1.38,2025-04-17 23:36:26,El Periódico,82,moderado,True,OPENAI,medio,3.5,neutro,Ministro de Justicia confirma que este año se definirá terreno para nueva Cárcel para Temuco y estaría en construcción en 2031,https://www.elperiodico.cl/category/temuco/page/4
El espectáculo ha cautivado a más de 50 mil espectadores en Chile y se presentará el…,todo público,"Cats, musical, Teatro, Temuco, gira nacional",1.57,2025-04-17 23:36:26,El Periódico,83,no,True,OPENAI,bajo,4.5,positivo,“Cats” El Musical llegará a Temuco tras su exitosa gira nacional,https://www.elperiodico.cl/category/temuco/page/4
"La actividad reunió a directores, jefes y coordinadores de carreras, además de representantes de las direcciones…",todo público,"educación, claustro académico, CFT-IP Santo Tomás, Temuco",1.56,2025-04-17 23:36:26,El Periódico,84,no,True,OPENAI,bajo,3.5,positivo,Directores y coordinadores del CFT-IP Santo Tomás Temuco participaron en la 3ra. versión del Claustro Académico,https://www.elperiodico.cl/category/temuco/page/4
La invitación sigue abierta para que todas y todos sean parte de estas últimas jornadas en…,todo público,"cultura, eventos, Temuco, entretenimiento",1.35,2025-04-17 23:36:26,El Periódico,85,no,True,OPENAI,bajo,4.0,positivo,En Temuco: Marzo cierra los “Domingos Culturales” del Cerro Ñielol con sus últimas tres presentaciones,https://www.elperiodico.cl/category/temuco/page/4
"Las jornadas estuvieron marcadas por las palabras y bienvenida de la rectora de Santo Tomás Temuco,…",todo público,"educación, universidad, estudiantes, bienvenida",1.48,2025-04-17 23:36:26,El Periódico,86,no,True,OPENAI,bajo,4.5,positivo,Más de 2 mil 500 estudiantes nuevos se unieron a Santo Tomás Temuco este 2025,https://www.elperiodico.cl/category/temuco/page/4
El operativo permitió verificar el cumplimiento de normativas sanitarias y de seguridad en establecimientos gastronómicos del…,todo público,"fiscalización, restaurantes, salud pública, normativas",1.35,2025-04-17 23:36:26,El Periódico,87,no,True,OPENAI,medio,3.5,neutro,Realizan fiscalización en restaurantes de Avenida Balmaceda en Temuco que deja tres sumarios sanitarios,https://www.elperiodico.cl/category/temuco/page/4
"La comunidad pudo disfrutar de una jornada única, donde se presenció el proceso creativo de diversos…",todo público,"arte, comunidad, evento, creatividad",1.51,2025-04-17 23:36:26,El Periódico,88,no,True,OPENAI,bajo,3.8,positivo,Pintura In Situ: Aficionados y artistas dieron vida al arte en la Plaza Aníbal Pinto de Temuco,https://www.elperiodico.cl/category/temuco/page/4
"Desde temprano, cientos de niños y niñas, acompañados por sus padres, comenzaron a llegar al recinto…",todo público,"espectáculo infantil, familia, evento cultural",1.22,2025-04-17 23:36:26,El Periódico,89,no,True,OPENAI,bajo,4.5,positivo,Más de 9 mil niños y niñas de Temuco disfrutaron del espectáculo de “Mi perro Chocolo” y Cantando aprendo a hablar”,https://www.elperiodico.cl/category/temuco/page/4
Las familias de Temuco llegaron hasta la Cancha 2 del Estadio para disfrutar de una fiesta…,todo público,"evento masivo, aniversario, familias, Temuco",3.09,2025-04-17 23:36:26,El Periódico,90,no,True,OPENAI,bajo,4.5,positivo,15 mil personas llegaron hasta el Parque Estadio para presenciar el Show Aniversario de Temuco,https://www.elperiodico.cl/category/temuco/page/4
"A diferencia de la cirugía convencional, que requiere una esternotomía con una gran incisión en el…",todo público,"salud, innovación médica, cirugía, procedimientos mínimamente invasivos",1.38,2025-04-17 23:36:26,El Periódico,91,no,True,OPENAI,bajo,4.5,positivo,En el Hospital Regional de Temuco realizaron por primera vez cirugía cardiaca mínimamente invasiva,https://www.elperiodico.cl/category/temuco/page/5
"Para recibir una entrada, las personas tendrán que hacer un aporte para Bomberos y brigadistas que…",todo público,"Show Aniversario, Temuco, Bomberos, brigadistas",1.57,2025-04-17 23:36:26,El Periódico,92,no,True,OPENAI,bajo,3.5,positivo,Comienza la entrega de entradas para el Show Aniversario de Temuco,https://www.elperiodico.cl/category/temuco/page/5
Cientos de personas disfrutaron de dos jornadas de música en vivo en el Museo Nacional Ferroviario…,todo público,"música, festival, cultura, Temuco",1.28,2025-04-17 23:36:26,El Periódico,93,no,True,OPENAI,bajo,4.0,positivo,La Rata Bluesera cerró el Festival Jazz y Blues sobre Rieles en Temuco,https://www.elperiodico.cl/category/temuco/page/5
Más de 8 mil personas festejaron al ritmo de María José Quintanilla y otros artistas. Cerca…,todo público,"celebración, aniversario, evento masivo, Labranza, artistas",1.54,2025-04-17 23:36:26,El Periódico,94,no,True,OPENAI,bajo,4.5,positivo,"Labranza celebró su 116° aniversario, reuniendo miles de personas en su Complejo Deportivo",https://www.elperiodico.cl/category/temuco/page/5
"El pasaje para adultos en Temuco subirá a 710 y 920 pesos, mientras que en Villarrica…",todo público,"tarifas de transporte, alza de precios, Temuco, Villarrica",1.71,2025-04-17 23:36:26,El Periódico,95,no,True,OPENAI,bajo,3.5,negativo,Anuncian ahora que subirán las tarifas de las micros en Temuco y Villarrica,https://www.elperiodico.cl/category/temuco/page/5
"Por otro lado, la Avenida Alemania se transformará en un boulevard de entretenimiento con el regreso…",todo público,"deporte, cultura, entretenimiento, evento",1.31,2025-04-17 23:36:26,El Periódico,96,no,True,OPENAI,bajo,4.0,positivo,"Deporte, cultura, diversión habrá este fin de semana en Temuco y Labranza",https://www.elperiodico.cl/category/temuco/page/5
"A días de conmemorarse el Día Nacional Contra la Violencia en el Pololeo, las profesionales del…",+13,"violencia, pololeo, prevención",1.44,2025-04-17 23:36:26,El Periódico,97,sí,True,OPENAI,alto,4.5,negativo,Las señales a tener en cuenta para detectar la violencia en el pololeo,https://www.elperiodico.cl/category/temuco/page/5
La Galería Municipal de Arte invita a artistas y público en general a un encuentro único…,todo público,"arte, comunidad, evento, pintura, Temuco",1.43,2025-04-17 23:36:26,El Periódico,98,no,True,OPENAI,bajo,3.5,positivo,Invitan a artistas y público en general a participar en “Pintura In Situ” en la Plaza Aníbal Pinto de Temuco,https://www.elperiodico.cl/category/temuco/page/5
"Los asistentes pudieron adquirir flores, plantas de interior y exterior, cactus, suculentas y productos especializados en…",todo público,"expo, flores, Temuco, verano, 2025, plantas, cactus, suculentas",1.6,2025-04-17 23:36:26,El Periódico,99,no,True,OPENAI,bajo,3.5,positivo,Este fin de semana se realizó en Temuco la Expo Flores Verano 2025,https://www.elperiodico.cl/category/temuco/page/5
"Resultados fueron publicados en Revista Logos Ciencia & Tecnología de Colombia, donde participaron los docentes de…",todo público,"tecnoestrés, salud mental, desempeño docente",1.6,2025-04-17 23:36:26,El Periódico,100,no,True,OPENAI,medio,4.0,neutro,Investigación de Universidad Santo Tomás Temuco revela cómo el tecnoestrés afecta salud mental y desempeño docente,https://www.elperiodico.cl/category/temuco/page/5
